"Status","No IOM Area Expansion","Created Date"
"Approved","IOM Test 10113065","04/04/2018"
"Approved","22 Maret 2018","27/02/2018"
"Approved","TEST BPI","07/03/2018"
"Approved","Iom-Payung-01","05/03/2018"
"Approved","TEST 5 220218","22/02/2018"
"Approved","testing","26/02/2018"
"Approved","430_MKM_CR_INT_X_2017_99","01/03/2018"
"Approved","www","01/03/2018"
"Approved","peta","28/02/2018"
"Approved","New Flow CA_","28/02/2018"
"Approved","TEST 27029","27/02/2018"
"Approved","TEST 2702181","27/02/2018"
"Approved","TEST 27027","27/02/2018"
"Approved","TEST 27026","27/02/2018"
"Approved","TEST 27021","27/02/2018"
"Approved","5","23/02/2018"
"Approved","TEST IOM 6","26/02/2018"
"Approved","TEST 1","26/02/2018"
"Approved","TEST","23/02/2018"
"Approved","TEST 10","22/02/2018"
"Approved","TEST FILE PDF 9","22/02/2018"
"Approved","TEST FILE PDF 8","22/02/2018"
"Approved","vr","22/02/2018"
"Approved","TEST FILE PDF 7","22/02/2018"
"Approved","TEST FILE PDF 6","22/02/2018"
"Approved","TEST FILE PDF 4","22/02/2018"
"Approved","TEST FILE PDF 3","22/02/2018"
"Approved","TEST FILE PDF 2","22/02/2018"
"Approved","TEST FILE PDF 1 (220218)","22/02/2018"
"Approved","TEST 1 220218","22/02/2018"
"Approved","TEST 2 220218","22/02/2018"
"Approved","TEST 3 220218","22/02/2018"
"Approved","PADANG","21/02/2018"
"Approved","2","21/02/2018"
"Approved","1","21/02/2018"
"Approved","3","21/02/2018"
"Approved","8","21/02/2018"
"Approved","7","21/02/2018"
"Approved","433_MKM_CR_INT_X_2017","21/02/2018"
"Approved","492_MKM_CR_INT_II_2018","21/02/2018"
"Approved","TEST 7 210218","21/02/2018"
"Approved","TEST 9 210218","21/02/2018"
"Approved","TEST 8 210218","21/02/2018"
"Approved","TEST 6 212018","21/02/2018"
"Approved","21 FEBRUARI 9","21/02/2018"
"Approved","TEST 4 210218","21/02/2018"
"Approved","21 FEBRUARI 8","21/02/2018"
"Approved","21 FEBRUARI 11","21/02/2018"
"Approved","21 FEBRUARI 7","21/02/2018"
"Approved","TEST 210218","21/02/2018"
"Approved","21 FEBRUARI 6","21/02/2018"
"Approved","21 FEBRUARI 1","21/02/2018"
"Approved","21 FEBRUARI 3","21/02/2018"
"Approved","21 FEBRUARI 4","21/02/2018"
"Approved","430_MKM_CR_INT_X_2017_24","21/02/2018"
"Approved","21 FEBRUARI 5","21/02/2018"
"Approved","TEST 20 FEBRURI 1","20/02/2018"
"Approved","442_MKM_CR_INT_X_2017","19/02/2018"
"Approved","468_MKM_CR_INT_I_2018","19/02/2018"
"Approved","491_MKM_CR_INT_I_2018","05/02/2018"
"Approved","438_MKM_CR_INT_X_2018","20/02/2018"
"Approved","436_MKM_CR_INT_X_2017 ","20/02/2018"
"Approved","434_MKM_CR_INT_X_2018","20/02/2018"
"Approved","434_MKM_CR_INT_X_2017 (1)","04/02/2018"
"Approved","446_MKM_CR_INT_X_2017","20/02/2018"
"Approved","CR POINT 4 UPDATE 2 test","20/02/2018"
"Approved","BAST1","19/02/2018"
"Approved","438_MKM_CR_INT_X_2017","14/02/2018"
"Approved","488_MKM_CR_INT_II_2018","15/02/2018"
"Approved","430_MKM_CR_INT_X_2017","14/02/2018"
"Approved","489_MKM_CR_INT_II_2018","15/02/2018"
"Approved","grid-export (3)","13/02/2018"
"Approved","434_MKM_CR_INT_X_2017_1","04/02/2018"
"Approved","434_MKM_CR_INT_X_2017_3","04/02/2018"
"Approved","460_MKM_CR_INT_I_2018","29/01/2018"
"Approved","IOM_EXP_TESTER_BY_PEPI","04/02/2018"
"Approved","466_MKM_CR_INT_I_2018","30/01/2018"
"Approved","455_MKM_CR_INT_I_2018 ","29/01/2018"
"Approved","454_MKM_CR_INT_I_2018","29/01/2018"
"Approved","456_MKM_CR_INT_I_2018","29/01/2018"
"Approved","231125_3","26/01/2018"
"Approved","231125_2","23/01/2018"
"Approved","Form Survey CA","24/01/2018"
"Approved","12345","22/01/2018"
